col1, col2, col3, col4, col5, col6, col7
1606275600,100000.0,100000.0,100000.0,100000.0,0.00318,1
1606298400,148716.9,148716.9,148716.9,148716.9,0.00349477,2
1606299900,85435.1,85435.1,85435.0,85435.0,0.00233582,3
1606300500,74035.1,74035.1,74035.0,74035.0,0.00443512,3
1606300800,43412.1,43412.2,43412.1,43412.2,0.00792999,6
1606301100,29315.4,29315.4,22534.6,29315.3,0.02064417,5
1606301400,22666.6,22669.2,22666.5,22669.1,0.19451561,5
1606302300,22675.3,22675.3,22675.2,22675.2,0.105,2
1606302600,24034.5,24034.5,24034.4,24034.4,0.00633369,2
1606303800,26000.0,26000.0,24010.0,24010.0,0.20292372,12
1606304400,39995.8,39996.0,39995.8,39996.0,0.00363108,4
1606304700,27006.1,27007.7,27000.0,27007.7,0.20374463,8
1606305600,32000.0,32000.0,28106.9,28106.9,0.00305648,4
1606305900,28124.7,28126.9,28000.0,28126.8,0.21346586,10
1606306200,31998.2,32000.0,31998.2,32000.0,0.0050743,5
1606306500,32000.0,32000.0,24808.7,24808.7,0.03627354,10
1606306800,31999.9,32000.0,31999.9,32000.0,0.00770213,3
1606307400,27044.2,27044.2,27040.9,27040.9,0.03394513,3
1606307700,27041.0,27041.0,27040.9,27041.0,0.01875211,6
1606308000,27041.0,27041.0,27040.6,27041.0,0.02293189,4
1606308300,25000.0,25000.0,25000.0,25000.0,0.003006,1
1606308600,25000.0,25000.0,22102.1,24750.0,0.03299806,10
1606308900,22539.0,22540.0,22539.0,22540.0,0.0071056,4
1606310100,22987.0,22987.0,19201.2,19201.2,0.1338071,8
1606310400,19248.5,19248.5,19248.5,19248.5,0.00907012,2
1606310700,19248.5,19248.5,19248.5,19248.5,0.00723249,1
1606311000,19281.3,19281.3,19270.3,19270.3,0.3145644,6
1606313400,19199.0,19199.0,19199.0,19199.0,0.04515322,1
1606313700,19199.0,19199.0,19199.0,19199.0,0.00693678,1
1606314300,19148.3,19148.3,19148.3,19148.3,0.0125,1
1606314900,19206.4,19206.4,19206.4,19206.4,1,6
1606321800,24958.8,24958.9,24958.8,24958.9,0.01,2
1606323300,19405.2,19405.2,19400.0,19400.0,0.01589119,3
1606323600,24949.3,24958.0,24949.3,24958.0,0.03278913,3
1606325100,24942.9,24999.0,24942.9,24999.0,0.16073899,11
1606326600,24956.9,24956.9,24956.9,24956.9,0.00401,1
1606326900,24956.9,24956.9,24956.9,24956.9,0.042,1
1606328700,24958.0,24958.0,24958.0,24958.0,0.001,1
1606330800,24999.0,24999.0,24999.0,24999.0,0.00882363,7
1606337700,24998.9,24999.0,24998.9,24999.0,0.01,2
1606338900,19991.6,19991.6,19991.5,19991.5,0.07444373,2
1606339200,20009.2,20009.2,20009.2,20009.2,0.01,3
1606343400,20606.1,24899.5,19000.0,24899.5,0.51491869,12
1606343700,19251.3,19251.3,19014.5,19014.5,0.224,2
1606344000,19029.8,19038.6,19020.0,19020.0,0.48554,10
1606346100,20997.6,20999.0,20997.6,20999.0,0.00966896,4
1606349100,20999.0,20999.0,20999.0,20999.0,0.007,1
1606353900,20000.0,20000.0,20000.0,20000.0,0.00401219,2
1606354200,19027.8,19027.8,19027.8,19027.8,0.00298781,3
1606357500,20998.9,20998.9,20998.9,20998.9,0.0012345,1
1606360200,19508.5,19508.5,19508.4,19508.4,0.15,2
1606372500,19030.7,19030.7,19030.7,19030.7,0.0218417,3
1606376700,19128.5,19128.5,19128.5,19128.5,0.00829105,1
1606377300,20998.9,20998.9,20998.9,20998.9,0.00271245,1
1606380000,20900.1,20900.1,20900.0,20900.0,0.06594902,6
1606380600,20900.0,20900.0,20900.0,20900.0,0.03676755,2
1606383300,19023.5,19023.5,19023.5,19023.5,0.03,1
1606383900,19022.8,19022.8,19022.8,19022.8,0.00614,3
1606388100,20997.7,20999.0,20997.7,20999.0,0.00872572,3
1606391700,19322.4,19322.4,19300.0,19300.0,0.15,4
1606392000,19092.0,19092.0,19092.0,19092.0,0.0025,1
1606392600,19022.1,19022.1,19022.1,19022.1,0.00262852,1
1606393200,20195.8,20495.9,20195.8,20495.9,0.01298702,6
1606397400,20489.9,20489.9,20489.9,20489.9,0.00249686,1
1606399500,17853.8,17853.8,17853.8,17853.8,0.175,3
1606400700,17854.0,17854.0,17853.8,17853.8,0.01729321,3
1606404900,17854.0,17854.0,17854.0,17854.0,0.0699999,4
1606407300,17854.0,17854.0,17854.0,17854.0,0.0250001,1
1606420200,19777.7,19777.7,19777.7,19777.7,0.025,1
1606422300,19767.3,19767.3,19767.3,19767.3,0.001,1
1606456800,17400.0,17400.0,17400.0,17400.0,0.0096,3
1606457700,17415.0,17415.0,17415.0,17415.0,0.03889002,2
1606492800,17001.1,17001.1,16094.8,16094.8,0.02474971,8
1606496700,16778.0,16778.0,16778.0,16778.0,0.03,1
1606498500,16764.7,16764.7,16764.7,16764.7,0.19628135,2
1606499100,16754.8,16754.8,16754.8,16754.8,0.9993,3
1606501500,16842.6,16842.6,16842.6,16842.6,0.00672513,1
1606501800,16828.9,16828.9,16828.9,16828.9,0.05279126,1
1606503000,17647.1,18168.8,17647.1,18168.8,0.068628,4
1606504200,16811.9,16811.9,16811.9,16811.9,0.068628,3
1606506000,16789.0,16789.0,16789.0,16789.0,0.020516,1
1606507200,16811.3,16811.3,16794.0,16794.0,0.05759085,4
1606507500,16794.0,16943.3,16794.0,16941.7,0.37789415,8
1606512600,16981.1,16981.1,16981.1,16981.1,0.00710908,1
1606517400,17030.5,17030.5,17030.5,17030.5,0.28,1
1606526400,17164.3,17164.3,17164.3,17164.3,0.00486,1
1606532400,16992.9,16992.9,16992.9,16992.9,0.001,1
1606541100,16928.5,16928.5,16928.5,16928.5,0.00119699,1
1606542000,16952.0,16952.0,16952.0,16952.0,0.07799999,3
1606542600,16951.9,16951.9,16951.9,16951.9,0.0075,1
1606542900,16963.7,16963.7,16963.7,16963.7,0.01242,1
1606546200,16972.6,16972.6,16972.6,16972.6,0.01841847,3
1606546500,17034.9,17034.9,17034.9,17034.9,0.00101008,1
1606547400,17039.4,17039.4,17039.4,17039.4,0.00174644,1
1606548000,17050.0,17050.0,17050.0,17050.0,0.00895,2
1606548300,17059.5,17059.5,17059.5,17059.5,0.01856801,1
1606550400,17046.0,17046.0,17046.0,17046.0,0.00158151,1
1606551600,16954.5,16954.5,16954.5,16954.5,0.0196427,1
1606554600,16903.5,16903.5,16903.5,16903.5,0.00297418,3
1606554900,16929.1,16929.1,16929.0,16929.0,0.00815,2
1606556400,16936.1,16936.1,16936.1,16936.1,0.03279,1
1606557300,16938.4,16938.4,16938.4,16938.4,0.00325529,1
1606557600,16899.0,16899.0,16899.0,16899.0,0.00793993,1
1606558200,16950.0,16950.0,16950.0,16950.0,0.00119699,2
1606559100,17050.0,17050.0,17050.0,17050.0,0.01174,3
1606559400,17099.8,17124.2,17099.8,17124.2,0.03555,2
1606560600,17202.0,17202.0,17202.0,17202.0,0.00532703,1
1606561200,17186.3,17186.3,17186.3,17186.3,0.022,1
1606563300,17168.4,17168.4,17168.4,17168.4,0.09130001,4
1606563900,17213.0,17213.0,17213.0,17213.0,0.03109856,1
1606564800,17177.4,17177.4,17177.4,17177.4,0.00544977,1
1606566600,17173.0,17173.0,17173.0,17173.0,0.10115547,5
1606569300,17155.6,17155.6,17155.6,17155.6,0.00574658,1
1606573200,17374.0,17374.0,17374.0,17374.0,0.00200239,2
1606577400,17357.2,17357.2,17357.2,17357.2,0.14399504,5
1606578300,17419.8,17419.8,17419.8,17419.8,0.01497204,1
1606579200,17606.5,17606.5,17606.5,17606.5,0.00246266,1
1606579500,17696.3,17696.3,17696.3,17696.3,0.001002,1
1606580400,17687.2,17687.2,17687.2,17687.2,0.0028269,1
1606581900,17765.8,17765.8,17765.8,17765.8,0.00574658,3
1606584600,17745.4,17745.4,17745.4,17745.4,0.02503772,1
1606585800,17716.4,17716.4,17716.4,17716.4,0.025,1
1606591200,17722.6,17722.6,17722.6,17722.6,0.03355162,1
1606593300,17850.7,17850.7,17850.7,17850.7,0.03340341,1
1606595100,17824.6,17824.6,17824.6,17824.6,0.03613325,2
1606596300,17820.1,17820.1,17820.1,17820.1,0.00669274,1
1606596600,17767.8,17767.8,17767.8,17767.8,0.14909509,1
1606637400,18000.9,18000.9,18000.9,18000.9,0.01013916,3
1606639500,18120.5,18120.5,18120.5,18120.5,0.00700301,2
1606642200,18203.9,18203.9,18203.9,18203.9,0.00546421,1
1606648200,18225.7,18225.7,18225.7,18225.7,0.01870101,2
1606649100,18113.6,18113.6,18113.6,18113.6,0.14975131,6
1606649700,18062.4,18062.4,18051.4,18051.4,0.02705753,5
1606653900,17989.4,17989.4,17989.4,17989.4,0.007,1
1606655400,18050.2,18050.2,18050.2,18050.2,0.001,1
1606658700,18172.5,18185.8,18172.5,18185.8,0.0588,2
1606673700,18061.8,18061.8,18061.8,18061.8,0.14909509,3
1606677600,18100.5,18100.5,18100.5,18100.5,0.00100212,1
1606680600,18119.3,18119.3,18119.3,18119.3,0.01819282,1
1606681200,18136.0,18136.0,18136.0,18136.0,0.1,4
1606682700,18217.9,18217.9,18217.9,18217.9,0.02830266,2
1606683900,18345.9,18345.9,18345.9,18345.9,0.001001,1
1606685400,18289.7,18289.7,18289.7,18289.7,0.03050707,3
1606698300,19289.7,19289.7,18413.2,18413.2,0.00528309,2
1606704000,18485.5,18485.5,18485.5,18485.5,0.1622894,1
1606706700,18573.3,18573.3,18573.3,18573.3,0.0296984,3
1606707600,18573.0,18573.0,18573.0,18573.0,1,1
1606709100,18550.0,18550.0,18550.0,18550.0,0.07609062,2
1606712700,18582.3,18582.3,18582.3,18582.3,0.03274517,1
1606723500,18437.5,18437.5,18437.5,18437.5,0.00175229,1
1606723800,18507.3,18507.3,18507.3,18507.3,0.00364746,1
1606725000,18423.4,18474.6,18419.7,18474.6,1.08151958,5
1606728300,18440.5,18440.5,18440.5,18440.5,0.00656294,1
1606728900,18361.0,18369.0,18361.0,18369.0,0.0092092,3
1606729500,19285.1,19285.1,18378.3,18378.3,0.00999465,4
1606730400,18495.0,18495.0,18495.0,18495.0,0.00456568,3
1606731000,19289.4,19289.4,19289.4,19289.4,0.00434688,1
1606732200,18568.3,18568.3,18568.3,18568.3,0.00434688,3
1606732500,18568.3,18568.3,18568.3,18568.3,0.00364746,3
1606734900,18633.4,18633.4,18633.4,18633.4,0.00546421,3
1606738500,18774.5,18774.5,18774.5,18774.5,0.011,1
1606743600,18992.2,18992.2,18992.2,18992.2,0.02506556,1
1606745100,19289.7,19289.7,19289.7,19289.7,0.00258585,2
1606747500,19477.2,19477.2,19477.2,19477.2,0.01007235,3
1606749000,19766.5,19766.5,19766.5,19766.5,0.00989322,1
1606749600,19754.1,19754.1,19754.1,19754.1,0.001,3
1606750500,19494.5,19496.9,19494.5,19496.9,0.07816592,2
1606752000,19303.7,19483.7,19303.7,19483.7,0.71077126,6
1606752600,19467.3,19469.0,19420.2,19420.2,0.42983342,5
1606753200,19526.3,19526.3,19444.3,19444.3,0.04092956,6
1606755300,19242.1,19242.1,19242.1,19242.1,0.12141001,1
1606760100,19275.9,19275.9,19275.9,19275.9,0.02268185,2
1606762200,19236.1,19236.1,19236.1,19236.1,0.00317424,1
1606764300,19309.8,19309.8,19309.8,19309.8,0.00221921,1
1606766400,19242.1,19242.1,19242.1,19242.1,0.00993764,1
1606769100,19400.6,19400.6,19400.6,19400.6,0.03767648,1
1606770300,19417.1,19417.1,19417.1,19417.1,0.001,1
1606770600,19467.7,19467.7,19467.7,19467.7,0.00428043,5
1606770900,20695.6,20695.6,19454.0,19454.0,0.00965424,4
1606771500,19466.8,19466.8,19466.8,19466.8,0.06221228,2
1606771800,19435.3,19468.0,19435.3,19468.0,0.03132012,2
1606774200,19307.8,19326.5,19307.8,19326.5,0.10369991,4
1606775100,19367.3,19367.3,19367.3,19367.3,0.025,2
1606776900,19494.3,19516.5,19494.3,19516.5,0.23588087,6
1606777200,19516.5,19522.2,19516.5,19522.2,1.20628571,22
1606777500,19522.4,19522.4,19522.4,19522.4,0.23226337,7
1606777800,19530.4,19530.4,19530.4,19530.4,0.10644189,4
1606778700,19611.4,19627.0,19611.4,19627.0,0.81040505,2
1606779000,19635.1,19657.8,19635.1,19657.8,1.99998901,4
1606779300,19652.2,19652.2,19652.2,19652.2,0.00141467,1
1606781100,19558.6,19597.0,19558.6,19585.9,12.75355368,49
1606798200,20092.7,20092.7,19693.4,19693.4,0.06862609,2
1606815900,19673.7,19673.7,19673.7,19673.7,0.00533174,1
1606816800,19626.2,19626.2,19626.2,19626.2,0.00434,1
1606817100,19669.0,19753.0,19669.0,19753.0,0.19704702,5
1606819800,19812.7,19812.7,19812.7,19812.7,0.03,1
1606821600,19653.1,19653.1,19653.1,19653.1,0.04402628,2
1606822200,16836.7,16836.7,16668.3,16668.3,0.05062,4
1606822500,20099.8,20099.8,20099.8,20099.8,0.00916978,6
1606822800,19433.1,19433.1,19433.1,19433.1,0.00497019,3
1606823400,19473.1,19473.1,19473.1,19473.1,0.00309326,1
1606824600,19357.6,19357.6,19357.6,19357.6,0.00170871,1
1606825500,19121.9,19121.9,18887.0,18982.3,2.72024545,27
1606825800,18902.0,18902.1,18902.0,18902.1,0.01937036,5
1606826400,18937.7,18937.7,18937.7,18937.7,0.00990297,1
1606828800,18552.9,18552.9,18552.9,18552.9,0.00990297,3
1606835100,19477.6,19477.6,19477.6,19477.6,0.09989496,2
1606835400,16771.0,16771.0,16771.0,16771.0,0.00152,1
1606835700,19887.2,19887.2,19337.0,19337.0,0.01004666,4
1606842000,18989.1,18989.1,18989.1,18989.1,0.00305008,1
1606843800,18970.1,18970.1,18970.1,18970.1,0.00417587,1
1606851600,19008.3,19052.8,19008.3,19052.8,0.09271171,2
1606853400,19007.0,19007.0,19007.0,19007.0,0.01024208,1
1606863900,17908.1,17908.1,17081.6,17081.6,0.16032106,6
1606870800,18803.2,18803.2,18803.2,18803.2,0.03922698,1
1606872900,18846.8,18846.8,18846.8,18846.8,0.02995199,3
1606876500,18715.5,18715.5,18715.5,18715.5,0.04026736,1
1606881600,18659.9,18659.9,18659.9,18659.9,0.03714138,3
1606883100,18356.1,18356.1,18356.1,18356.1,0.00160048,1
1606893600,18868.6,18868.6,18868.6,18868.6,0.01665333,1
1606898400,19229.6,19229.6,19229.6,19229.6,0.00998508,1
1606899000,19240.3,19240.3,19240.3,19240.3,0.00259871,1
1606900800,19302.0,19302.1,19280.2,19290.5,0.76835378,16
1606901100,19296.2,19296.2,19296.2,19296.2,0.15094823,4
1606901400,19265.3,19265.3,19265.3,19265.3,0.08093545,2
1606902300,19103.4,19103.4,19103.4,19103.4,0.03146359,1
1606909200,19125.6,19125.6,19125.5,19125.5,1.70009259,27
1606917600,19119.6,19119.6,19119.6,19119.6,0.00245234,1
1606920600,18925.9,18925.9,18925.9,18925.9,0.0019183,1
1606927200,18907.9,18907.9,18907.9,18907.9,0.00598444,1
1606931700,18987.3,18987.3,18987.3,18987.3,0.002,1
1606932300,19030.1,19030.1,19030.1,19030.1,0.01313804,1
1606949700,19198.1,19198.1,19198.1,19198.1,0.01302212,1
1606953600,19289.3,19289.3,19289.3,19289.3,0.09461228,3
1606960200,19037.0,19037.0,19037.0,19037.0,0.00131789,2
1606984800,19385.4,19385.4,19385.4,19385.4,0.00930431,1
1606986900,19191.5,19191.5,19191.5,19191.5,0.001002,1
1606988400,19237.7,19237.7,19237.7,19237.7,0.00419959,3
1606991700,19393.5,19393.5,19393.5,19393.5,0.00130405,1
1606992900,19376.6,19376.6,19376.6,19376.6,0.01004573,1
1606999500,19310.0,19310.0,19310.0,19310.0,0.00968025,3
1607003700,19300.3,19300.3,19300.3,19300.3,0.00313584,1
1607005800,19386.1,19386.1,19386.1,19386.1,0.00102599,1
1607007300,19364.9,19364.9,19364.9,19364.9,0.00172559,3
1607011200,19549.6,19549.6,19549.6,19549.6,0.00781223,1
1607013900,19388.9,19388.9,19388.9,19388.9,0.01287942,1
1607027100,19388.9,19388.9,19350.0,19350.0,0.00572644,3
1607028000,19350.0,19350.0,19350.0,19350.0,0.00416918,1
1607036400,19373.0,19373.2,19373.0,19373.2,0.05933027,7
1607057700,19306.7,19306.7,19306.7,19306.7,1,14
1607058300,19324.8,19324.8,19324.8,19324.8,1.33033122,8
1607058600,19314.2,19314.2,19314.2,19314.2,0.01283956,1
1607058900,19314.2,19325.0,19314.2,19322.2,1.1251594,11
1607059200,19322.2,19322.2,19322.2,19322.2,0.95094723,8
1607060100,19295.7,19295.7,19295.7,19295.7,0.95853841,9
1607062800,19347.3,19347.3,19347.3,19347.3,1,8
1607063100,19363.4,19363.4,19363.4,19363.4,0.36572901,1
1607063700,19369.6,19369.6,19350.2,19350.2,0.85685958,9
1607071500,19396.9,19396.9,19396.9,19396.9,0.00708362,1
1607077200,19007.8,19007.8,19007.8,19007.8,0.00139108,1
1607081400,19010.0,19010.0,19010.0,19010.0,0.52446081,5
1607084100,18713.6,18713.6,18713.6,18713.6,0.01315097,1
1607084400,18828.3,18828.3,18828.3,18828.3,0.013299,1
1607085300,18929.0,18929.0,18929.0,18929.0,0.01320808,1
1607085600,18944.5,18944.5,18927.3,18927.3,0.02640368,2
1607086500,18977.4,18977.4,18977.4,18977.4,0.01317335,1
1607086800,19022.9,19022.9,18993.6,18993.6,0.03947669,3
1607089800,19015.4,19015.4,19015.4,19015.4,0.01315124,1
1607090100,19000.8,19014.1,19000.8,19014.1,0.01842551,2
1607091900,19147.2,19147.2,19147.2,19147.2,0.001001,1
1607103000,18993.7,18993.7,18993.7,18993.7,0.00627209,1
1607104500,18978.0,18978.0,18978.0,18978.0,0.00731788,1
1607105400,18973.6,18973.6,18973.6,18973.6,0.04732152,1
1607108400,19067.2,19067.2,19067.2,19067.2,0.01311153,1
1607118900,18775.5,18775.5,18775.5,18775.5,0.01311152,1
1607119200,18799.1,18799.1,18799.1,18799.1,0.01329823,1
1607119500,18826.7,18826.7,18826.7,18826.7,0.002,1
1607121900,18854.7,18854.7,18854.7,18854.7,0.00591572,1
1607122500,18700.1,18700.1,18700.1,18700.1,0.03,1
1607122800,18614.2,18614.2,18614.2,18614.2,0.00170708,1
1607124600,18818.2,18818.2,18818.2,18818.2,0.00998201,1
1607133300,19753.5,19753.5,19753.5,19753.5,0.002,1
1607133600,18702.0,18702.0,18702.0,18702.0,0.0050572,1
1607133900,17690.5,17690.5,17690.5,17690.5,0.0050572,3
1607146800,18968.5,18968.5,18968.5,18968.5,0.01317974,1
1607147400,18939.6,18939.6,18939.6,18939.6,0.02636136,2
1607147700,18939.6,18953.4,18939.6,18953.4,0.0263997,2
1607148600,18931.0,18931.0,18931.0,18931.0,0.009,1
1607195400,19172.9,19172.9,19172.9,19172.9,0.00622934,1
1607210400,19044.8,19044.8,19044.8,19044.8,0.00568,1
1607211300,19110.4,19110.4,19110.4,19110.4,0.00998189,1
1607211600,19109.9,19109.9,19109.9,19109.9,0.02370777,2
1607213100,19241.3,19241.3,19241.3,19241.3,0.01327787,1
1607215200,19256.1,19256.1,19256.1,19256.1,0.00995775,1
1607216100,19254.1,19254.1,19254.1,19254.1,0.00995775,1
1607245200,19070.4,19070.4,19070.4,19070.4,0.02138141,3
1607263200,18978.5,18978.5,18978.5,18978.5,0.009477,1
1607266200,19063.4,19063.4,19063.4,19063.4,0.07393763,2
1607272500,19062.9,19062.9,19062.9,19062.9,0.0063,1
1607274900,19149.2,19149.2,19149.2,19149.2,0.03543028,1
1607286600,19168.7,19168.7,19168.7,19168.7,0.00100322,1
1607296200,19306.2,19320.0,19306.2,19320.0,1.01070008,7
1607296500,19405.9,19405.9,19405.9,19405.9,0.00100039,1
1607328900,18775.9,18776.3,18775.9,18776.3,0.004058,3
1607335200,19217.4,19799.4,19217.4,19799.4,0.00526473,2
1607339400,19238.6,19238.6,19238.6,19238.6,0.01577662,1
1607352900,19216.1,19216.1,19216.1,19216.1,0.0439491,1
1607416200,19125.3,19125.3,19125.3,19125.3,0.018,3
1607417400,19083.8,19083.8,19083.8,19083.8,0.17679878,4
1607417700,19070.3,19070.3,19070.3,19070.3,0.03388681,1
1607418000,19056.8,19056.8,19056.8,19056.8,0.64019078,16
1607418300,19085.1,19085.1,19085.1,19085.1,0.04216433,2
1607418600,19056.9,19056.9,19056.9,19056.9,0.00415195,1
1607421600,18790.2,18790.2,18790.2,18790.2,0.0499782,2
1607422800,18869.0,18869.0,18869.0,18869.0,0.78954914,18
1607424000,18773.7,18791.3,18773.7,18791.3,0.25652028,7
1607424900,18807.8,18807.8,18807.8,18807.8,0.53536387,4
1607426400,18838.2,18838.2,18838.2,18838.2,0.03062835,1
1607431800,18713.8,18713.8,18713.8,18713.8,0.18527948,4
1607432400,18772.5,18772.5,18772.5,18772.5,0.01303394,1
1607433000,18849.6,18849.6,18849.6,18849.6,0.03377,1
1607433600,18899.9,18899.9,18899.9,18899.9,0.97896378,13
1607435700,18909.4,18909.4,18909.4,18909.4,0.0017172,1
1607449500,18863.6,18863.6,18863.6,18863.6,0.46503548,12
1607460900,19798.5,19798.5,19798.5,19798.5,0.001,1
1607468100,18530.4,18530.4,18530.4,18530.4,0.001,1
1607468400,18287.8,18287.8,18287.8,18287.8,0.001,1
1607468700,18343.1,18343.1,18268.5,18268.5,0.002,2
1607469300,18269.4,18269.4,18269.4,18269.4,0.001,1
1607469900,18299.4,18299.4,18299.4,18299.4,0.03513853,1
1607470500,17610.5,17610.5,17610.5,17610.5,0.001,1
1607472000,18379.3,18379.3,18379.3,18379.3,0.00246894,1
1607473200,18345.6,18345.6,18345.6,18345.6,0.00204648,2
1607477400,18379.3,18379.3,18379.3,18379.3,0.001,1
1607483700,18281.5,18281.5,18281.5,18281.5,0.023,1
1607484900,18248.2,18248.2,18248.2,18248.2,0.00255173,1
1607495700,18231.2,18231.2,18231.2,18231.2,0.00108517,1
1607497800,18173.2,18173.2,18173.2,18173.2,0.02,1
1607498700,18156.2,18156.2,18156.2,18156.2,0.02,1
1607502900,17671.9,17671.9,17671.9,17671.9,0.00953782,4
1607507400,17942.1,17942.1,17942.1,17942.1,0.00199481,1
1607510100,18220.5,18220.5,18220.5,18220.5,0.00300239,3
1607512200,18260.6,18260.6,18260.6,18260.6,0.00100039,2
1607521800,18379.6,18379.6,18379.6,18379.6,0.004,3
1607548200,18408.7,18408.7,18408.7,18408.7,0.00445638,1
1607565000,18378.0,18378.0,18378.0,18378.0,0.04452386,1
1607570100,18445.8,18445.8,18445.8,18445.8,0.475724,2
1607588100,18430.7,18430.7,18430.7,18430.7,0.00509334,1
1607596800,18203.7,18203.7,18203.7,18203.7,0.00199481,1
1607619600,18169.5,18169.5,18169.5,18169.5,0.0013,1
1607646300,18162.2,18162.2,18162.2,18162.2,0.0092507,1
1607660700,17961.5,17961.5,17961.5,17961.5,0.18811459,2
1607661300,17947.5,17947.5,17944.1,17944.1,1.19833611,8
1607661600,17931.4,17931.4,17931.4,17931.4,0.95512265,8
1607661900,17957.6,17957.6,17957.6,17957.6,0.84163796,11
1607662500,17983.5,17983.5,17983.5,17983.5,0.28123395,5
1607673600,17893.6,17893.6,17893.6,17893.6,0.00100001,1
1607690100,17801.9,17804.7,17801.9,17804.7,2.001,2
1607731200,18047.1,18047.1,18003.1,18029.1,2.6755687,45
1607732700,19664.7,19664.7,19664.7,19664.7,0.0097,1
1607733000,18300.0,18300.0,18300.0,18300.0,0.00690598,1
1607733300,18279.1,18279.1,18279.1,18279.1,0.0097,3
1607734500,18279.1,18279.1,18279.1,18279.1,0.00255173,3
1607763900,18389.5,18434.5,18389.5,18434.5,0.00201149,2
1607769300,18428.7,18428.7,18428.7,18428.7,0.03963058,2
1607784000,18359.2,18359.2,18359.2,18359.2,0.03214153,1
1607787600,18421.9,18421.9,18421.9,18421.9,0.01356544,2
1607797200,18598.8,18598.8,18598.8,18598.8,0.00162229,1
1607821500,18786.8,18786.8,18786.8,18786.8,0.00102093,1
1607823000,18772.7,18772.7,18772.6,18772.6,0.01014024,3
1607842800,19082.0,19082.0,19082.0,19082.0,0.00217396,1
1607845800,19282.3,19282.3,19282.3,19282.3,0.0031226,2
1607861700,19286.5,19286.5,19286.5,19286.5,0.00100127,1
1607866200,19326.9,19326.9,19326.9,19326.9,0.00752618,3
1607868300,19344.0,19344.0,19344.0,19344.0,0.00670884,1
1607871900,19304.0,19304.0,19304.0,19304.0,0.05666,1
1607873400,19098.6,19098.6,19098.6,19098.6,0.00249352,1
1607885700,19185.5,19185.5,19185.5,19185.5,0.0095815,1
1607938800,19171.1,19171.1,19171.1,19171.1,0.00897845,1
1607942700,19171.1,19171.1,19171.1,19171.1,0.00131239,1
1607990100,19277.9,19277.9,19277.9,19277.9,0.03403374,2
1607990400,19277.9,19277.9,19277.9,19277.9,0.07484051,4
1607991600,19301.1,19301.1,19301.1,19301.1,0.00129809,1
1607991900,19335.8,19335.8,19300.9,19300.9,0.07627459,4
1607992500,19351.0,19351.0,19329.9,19351.0,0.08415904,4
1607994600,19370.1,19370.1,19370.1,19370.1,0.01069824,10
1607997300,19408.2,19408.2,19408.2,19408.2,0.0023275,1
1607998200,19523.7,19523.7,19523.7,19523.7,0.00100702,1
1608007200,19398.2,19398.2,19398.2,19398.2,0.16228,2
1608008400,19205.7,19205.7,19179.3,19179.3,1.3959981,7
1608018000,19669.9,19669.9,19669.9,19669.9,0.00177,1
1608057300,19488.3,19488.3,19488.3,19488.3,0.00203197,1
1608058800,19554.6,19554.6,19554.6,19554.6,0.00180603,1
1608070200,19428.8,19428.8,19428.8,19428.8,0.0051286,5
1608084900,19487.4,19487.4,19487.4,19487.4,0.04401584,1
1608108300,19454.8,19454.8,19454.8,19454.8,0.0090593,1
1608113700,19650.0,19650.0,19650.0,19650.0,0.05209,4
1608116400,19841.7,19841.7,19841.7,19841.7,0.14808354,6
1608116700,19735.2,19735.2,19735.2,19735.2,0.10745399,3
1608123600,19810.3,19810.3,19810.3,19810.3,0.03072334,1
1608126000,19950.2,19999.0,19950.2,19985.1,0.05079179,5
1608127500,20425.8,20425.8,20425.8,20425.8,0.08842479,2
1608127800,20513.6,20526.1,20513.6,20526.1,0.00985142,3
1608128700,20596.6,20596.6,20596.6,20596.6,0.49658,2
1608129300,20538.5,20538.5,20538.5,20538.5,0.00881682,1
1608130200,20538.5,20538.5,20538.5,20538.5,0.00001392,1
1608133500,20645.2,20645.2,20645.2,20645.2,0.00399042,1
1608144300,20677.5,20677.5,20677.5,20677.5,0.001,2
1608155100,21000.0,21115.2,21000.0,21115.2,0.38476279,17
1608156000,21377.1,21377.1,21377.1,21377.1,0.00302101,1
1608156900,21446.0,21446.0,21446.0,21446.0,0.08904902,1
1608160500,21427.1,21427.1,21427.1,21427.1,0.00234746,1
1608161100,21319.7,21319.7,21319.7,21319.7,0.03,1
1608163800,21317.6,21317.6,21317.6,21317.6,0.00235494,2
1608165000,21281.5,21282.8,21281.5,21282.8,0.88303541,6
1608166500,21411.9,21411.9,21411.9,21411.9,1,17
1608166800,21455.8,21455.8,21455.8,21455.8,0.52684865,9
1608167100,21569.5,21709.1,21569.5,21709.1,0.26517676,5
1608167400,21836.6,21836.6,21809.8,21809.8,0.87621879,5
1608168300,21705.1,21729.0,21691.2,21729.0,0.78550283,6
1608168600,21692.7,21692.7,21692.7,21692.7,0.17028533,5
1608171300,21839.9,21839.9,21839.9,21839.9,0.00553421,1
1608172200,21870.1,21870.1,21870.1,21870.1,0.0016564,1
1608174600,22175.7,22175.7,22142.9,22142.9,0.00602061,4
1608184500,22317.8,22317.8,22317.8,22317.8,0.03889355,2
1608186600,22234.9,22234.9,22234.9,22234.9,0.00597298,1
1608189000,22234.7,22234.7,22234.7,22234.7,0.01860468,2
1608189300,22234.9,22234.9,22234.9,22234.9,0.00000827,1
1608192600,22664.4,22664.4,22664.4,22664.4,0.08224711,2
1608193200,22840.9,22840.9,22840.9,22840.9,0.00530905,6
1608195900,22989.8,22999.0,22989.8,22999.0,0.01051494,5
1608196200,23280.4,23458.1,23280.4,23458.1,0.13797765,6
1608196500,23999.7,23999.7,23999.7,23999.7,0.00208335,2
1608197100,23209.1,23209.1,23209.1,23209.1,0.00215432,1
1608197700,22868.0,22868.0,22645.2,22645.2,1.41455298,6
1608206700,21740.1,21740.1,21740.1,21740.1,0.00214873,1
1608208500,21743.6,21743.6,21743.6,21743.6,0.00235494,3
1608222300,23998.7,23998.7,23998.7,23998.7,0.001,1
1608223800,22439.9,22439.9,22439.9,22439.9,0.02,1
1608247200,22757.4,22757.4,22757.4,22757.4,0.00501314,3
1608300000,22755.1,22755.1,22755.1,22755.1,0.00214197,1
1608301500,22752.5,22752.5,22752.5,22752.5,0.00222962,1
1608304500,22750.2,22750.2,22750.2,22750.2,0.00222283,2
1608309300,24736.3,24736.3,22359.4,22366.0,0.02574501,11
1608310200,22700.0,22700.0,22700.0,22700.0,0.00436459,2
1608335100,22477.5,22477.5,22477.5,22477.5,0.00279,2
1608377100,24637.3,24637.3,24637.3,24637.3,0.001,1
1608379200,24394.3,24394.3,24394.3,24394.3,0.01757272,1
1608382500,24294.4,24294.4,24294.4,24294.4,0.001,1
1608386700,23459.7,23459.7,23439.0,23439.0,0.02567479,4
1608387000,23448.0,23448.0,23448.0,23448.0,0.00659442,5
1608387900,23400.8,23400.8,23400.8,23400.8,0.00100201,1
1608391200,23629.6,23629.6,23629.6,23629.6,0.03311208,1
1608391800,23640.4,23640.4,23640.4,23640.4,0.04537205,2
1608404100,23828.7,23828.7,23828.7,23828.7,0.0161629,2
1608404700,23854.6,23854.6,23854.6,23854.6,0.01584608,4
1608405600,24097.1,24097.1,24097.1,24097.1,0.0012,1
1608407100,23786.4,23786.4,23786.4,23786.4,0.09999995,3
1608407700,23835.8,23835.8,23835.8,23835.8,0.05,3
1608408900,23868.4,23868.4,23868.4,23868.4,0.06183926,3
1608423900,23335.7,23335.7,23335.7,23335.7,0.02106316,2
1608433500,23316.1,23316.1,23316.1,23316.1,0.05266636,2
1608456900,23650.0,23650.0,23650.0,23650.0,0.001002,1
1608457500,23575.6,23575.6,23575.6,23575.6,0.001002,1
1608465600,23553.9,23553.9,23553.9,23553.9,0.04702335,3
1608479700,23838.1,23838.1,23838.1,23838.1,0.0012,3
1608495900,24100.0,24100.0,24100.0,24100.0,0.01379931,2
1608496500,24100.0,24100.0,24100.0,24100.0,0.08402606,6
1608500700,24299.9,24299.9,24299.9,24299.9,0.001,1
1608502200,23396.8,23396.8,23396.8,23396.8,0.03645149,1
1608503100,23461.2,23461.2,23461.2,23461.2,0.001,1
1608505200,23537.5,23601.3,23537.5,23601.3,4.27169158,40
1608505500,23612.6,23612.6,23571.3,23588.4,2.85375228,30
1608505800,23588.4,23588.4,23588.4,23588.4,0.15182098,9
1608506100,23566.6,23567.5,23548.1,23553.3,2.32201623,28
1608506400,23575.6,23608.9,23575.6,23603.0,1.63951027,22
1608507000,23578.4,23578.4,23578.4,23578.4,1,10
1608515400,23680.3,23710.0,23680.3,23710.0,0.31283346,7
1608516300,23697.1,23697.1,23697.1,23697.1,0.0267624,1
1608519300,23817.3,23817.3,23817.3,23817.3,0.001001,1
1608519600,23860.9,23861.6,23860.9,23861.6,0.02556358,2
1608519900,23850.8,23850.8,23850.8,23850.8,0.30003821,8
1608520200,23823.2,23823.2,23823.2,23823.2,1,18
1608521100,23811.9,23811.9,23811.9,23811.9,0.91275733,9
1608521400,23921.1,23921.1,23921.1,23921.1,0.152258,3
1608521700,23920.9,23920.9,23920.9,23920.9,0.032804,1
1608523500,23922.9,23922.9,23858.9,23858.9,2.54460849,48
1608525300,23936.8,23944.9,23936.8,23944.9,1.62701904,7
1608531600,23748.7,23794.5,23748.7,23794.5,0.16255201,5
1608532200,23858.7,23858.7,23858.6,23858.6,0.05920451,7
1608532500,23855.7,23855.7,23855.7,23855.7,0.05880995,3
1608532800,23860.4,23860.4,23860.4,23860.4,0.06447815,5
1608534300,23988.3,23988.3,23988.3,23988.3,0.0010887,1
1608536100,23951.3,23951.3,23951.3,23951.3,0.00201563,1
1608539400,23948.9,23948.9,23948.9,23948.9,0.00323832,1
1608539700,23796.8,23796.8,23796.7,23796.7,0.09999995,4
1608541800,23794.3,23794.3,23794.3,23794.3,0.0032115,2
1608544500,23338.3,23338.3,23338.3,23338.3,0.006,1
1608545700,22703.5,22703.5,22703.5,22703.5,0.0053207,1
1608546000,22881.4,22881.4,22881.4,22881.4,0.001,1
1608546600,22504.1,22504.1,22504.1,22504.1,0.15279681,2
1608552600,22336.9,22336.9,22336.9,22336.9,0.04567,2
1608555000,22198.0,22198.0,22198.0,22198.0,0.01,3
1608571800,24082.7,24082.7,24082.7,24082.7,0.02088221,1
1608577800,23935.3,23935.3,21803.8,21803.8,0.00605097,4
1608592800,23096.8,23096.8,23096.8,23096.8,0.00257882,1
1608597600,22643.2,22643.2,22643.2,22643.2,0.00145616,1
1608597900,22552.0,22552.0,22552.0,22552.0,0.04326165,2
1608602700,22854.6,22854.6,22854.6,22854.6,0.00146027,1
1608607500,22855.0,22855.0,22838.3,22838.3,0.00202003,2
1608622800,22536.8,22536.8,22536.8,22536.8,0.0040362,1
1608628500,22777.2,22777.2,22777.2,22777.2,0.02088221,3
1608637800,23148.2,23148.2,23148.2,23148.2,0.00300778,3
1608640200,23116.5,23116.5,23116.5,23116.5,0.00211497,1
1608644700,23322.0,23322.0,23322.0,23322.0,0.00100039,1
1608645000,23522.9,23522.9,23522.9,23522.9,0.1998717,2
1608645600,23608.3,23608.3,23608.3,23608.3,0.01249343,1
1608648300,23391.9,23391.9,23391.9,23391.9,0.00598922,1
1608669000,23343.0,23343.0,23343.0,23343.0,0.00201402,1
1608675000,23441.2,23441.2,23441.2,23441.2,0.51102047,3
1608677700,23665.3,23665.3,23665.3,23665.3,0.001001,1
1608702300,23423.5,23423.5,23423.5,23423.5,0.00252405,1
1608705600,23514.9,23514.9,23514.9,23514.9,0.00626,1
1608711300,23629.6,23629.6,23629.6,23629.6,0.00247902,1
1608721500,23275.1,23275.1,23275.1,23275.1,0.01043144,2
1608723900,23011.3,23018.4,23011.3,23018.4,0.0433195,3
1608726900,23495.1,23495.1,23495.1,23495.1,0.00814294,3
1608729600,24024.7,24024.7,24024.7,24024.7,0.007938,1
1608758100,20070.7,20070.7,20070.7,20070.7,0.001,2
1608765900,23374.7,23374.7,23374.7,23374.7,0.00100301,1
1608769800,23019.4,23019.4,23019.4,23019.4,0.007938,4
1608770100,22970.8,22970.8,22970.8,22970.8,0.0077185,1
1608770400,22856.4,22856.4,22856.4,22856.4,0.02812933,1
1608770700,22910.7,22910.7,22910.7,22910.7,0.0077185,3
1608772200,23079.8,23079.8,23079.8,23079.8,0.00784735,1
1608772500,23015.3,23015.3,23015.3,23015.3,0.17493046,5
1608772800,22963.8,23051.3,22963.8,23051.3,0.83407283,15
1608773400,22934.5,22934.5,22934.5,22934.5,0.18614153,3
1608773700,22971.3,22971.3,22971.3,22971.3,1,12
1608774000,22971.3,23079.8,22971.3,23079.8,0.14799302,10
1608774300,23154.0,23154.0,23086.3,23120.6,0.14584956,9
1608774600,23120.6,23183.5,23120.6,23183.5,0.02142538,3
1608774900,23168.5,23210.5,23168.5,23210.5,1.04484797,36
1608775500,23141.3,23154.0,23141.3,23154.0,1.0507972,19
1608775800,23188.1,23188.1,23152.4,23152.4,1.0015046,25
1608776100,23128.4,23128.4,23109.4,23109.4,1.08866192,13
1608776400,23108.1,23108.1,23075.9,23075.9,1.02911071,15
1608776700,23075.9,23075.9,23070.7,23070.7,0.58675999,16
1608777000,23045.4,23064.5,23014.1,23014.1,1.02274849,14
1608777300,22990.9,23093.7,22990.9,23093.7,1.07319003,16
1608777600,23093.7,23093.7,23074.3,23074.3,0.02344531,4
1608777900,22965.3,22965.3,22965.3,22965.3,1,9
1608778500,22864.0,22864.0,22784.1,22784.1,1.0088663,11
1608778800,22846.3,22846.3,22824.1,22824.1,0.28603671,4
1608779100,22802.5,22802.5,22802.5,22802.5,0.915905,9
1608786000,22802.5,22802.5,22802.5,22802.5,0.00947773,3
1608786900,23044.4,23044.4,23028.2,23028.2,0.03155173,4
1608790500,22990.2,22990.2,22990.2,22990.2,0.16795558,4
1608791700,22922.6,22922.6,22922.6,22922.6,0.0010621,1
1608792300,22906.9,22926.4,22906.9,22908.8,0.49633092,11
1608792600,22907.5,22907.5,22907.5,22907.5,0.17530796,7
1608792900,22923.8,22923.8,22923.8,22923.8,0.02080827,1
1608793200,22890.0,22890.0,22890.0,22890.0,0.00232895,1
1608793800,22989.4,22989.4,22989.4,22989.4,0.01,1
1608795300,23022.2,23022.2,23022.2,23022.2,0.02179392,1
1608796500,23190.2,23206.9,23190.2,23206.9,1.02624676,17
1608799500,23272.9,23276.0,23272.9,23276.0,1.08815769,22
1608799800,23283.5,23334.5,23283.5,23333.8,1.00055544,23
1608800400,24297.0,24297.0,24297.0,24297.0,0.0015323,2
1608800700,20344.4,20344.4,20344.4,20344.4,0.0015323,3
1608806400,23195.7,23212.7,23195.7,23212.7,1.00024942,10
1608806700,23195.9,23195.9,23195.9,23195.9,0.90992106,8
1608814200,23106.4,23106.4,23106.4,23106.4,0.01414694,1
1608814500,23140.3,23140.3,23140.3,23140.3,0.333844,1
1608816900,23208.6,23208.6,23208.6,23208.6,0.01076763,3
1608817200,23208.6,24299.9,23208.6,24299.9,0.01731352,4
1608817500,24299.9,24299.9,24299.9,24299.9,0.00411113,1
1608817800,23325.6,23325.6,23325.6,23325.6,0.00822225,3
1608821700,23171.1,23171.1,23171.1,23171.1,0.001,1
1608837600,24298.2,24298.2,24298.2,24298.2,0.00954269,1
1608841800,23394.7,23394.7,23394.7,23394.7,0.02,2
1608843300,23520.3,23521.1,23512.4,23512.4,0.47146041,6
1608843900,23454.6,23454.6,23454.6,23454.6,0.00100856,1
1608854700,23689.1,23689.1,23689.1,23689.1,0.00102322,1
1608858900,23624.6,23624.6,23624.6,23624.6,0.001,1
1608895800,24212.0,24368.8,24212.0,24368.8,0.1264528,7
1608896100,24548.9,24548.9,24548.9,24548.9,0.30555121,6
1608901800,24335.0,24335.0,24335.0,24335.0,0.00598444,1
1608915300,24134.5,24134.5,24134.5,24134.5,0.00207172,1
1608921000,24186.0,24186.0,24186.0,24186.0,0.2532118,1
1608922500,24390.9,24390.9,24390.9,24390.9,0.25185859,1
1608923100,24339.0,24339.0,24339.0,24339.0,0.25246563,1
1608923700,24340.6,24340.6,24340.6,24340.6,0.0691031,4
1608924000,24363.9,24403.8,24363.9,24403.8,0.05381741,4
1608926400,24482.2,24482.2,24482.2,24482.2,0.06526763,3
1608926700,24482.2,24482.2,24482.2,24482.2,0.00628987,1
1608934500,24457.9,24457.9,24457.9,24457.9,0.003,1
1608936600,24998.9,24998.9,24998.9,24998.9,0.00104844,1
1608936900,24998.9,24998.9,24998.9,24998.9,0.00050566,1
1608938100,24622.3,24622.3,24622.3,24622.3,0.00177643,1
1608938400,24671.5,24671.5,24671.5,24671.5,0.001,2
1608955200,24892.4,24999.0,24892.4,24999.0,0.00976051,4
1608955800,24892.4,24892.4,24892.4,24892.4,0.00776086,2
1608958800,24816.7,24816.7,24816.7,24816.7,0.00727593,1
1608976200,24824.4,24824.4,24824.4,24824.4,0.00346825,1
1608992700,26742.1,26742.1,26742.1,26742.1,0.003,1
1608996900,25530.3,25530.3,25530.3,25530.3,0.02636298,2
1608997800,25517.5,25517.5,25517.5,25517.5,0.00207172,3
1608998400,25668.8,25668.8,25668.8,25668.8,0.38447192,3
1608999300,25710.3,25710.3,25710.3,25710.3,0.00749082,1
1609001100,25827.2,25827.2,25756.5,25756.5,0.0272961,2
1609003500,25831.7,25831.7,25831.7,25831.7,0.04424918,1
1609004400,25839.1,25839.1,25839.1,25839.1,0.0262546,1
1609004700,26998.5,26998.5,26998.5,26998.5,0.002,1
1609005900,25829.4,25829.4,25829.4,25829.4,0.00996628,1
1609017000,26998.7,26998.7,26467.6,26467.6,0.02098011,2
1609018500,26592.5,26592.5,26592.5,26592.5,0.00100954,1
1609019400,26656.7,26656.7,26656.7,26656.7,0.02292194,1
1609020600,26243.6,26243.6,26243.6,26243.6,0.00535758,2
1609025100,26560.5,26560.5,26560.5,26560.5,0.028822,3
1609034100,26682.3,26682.3,26682.3,26682.3,0.23911887,1
1609035000,26832.8,26832.8,26832.8,26832.8,0.23981002,1
1609047600,26748.5,26748.5,26748.5,26748.5,0.0196,1
1609048800,26999.0,26999.0,26999.0,26999.0,0.0018519,1
1609050600,27533.5,27533.5,27533.5,27533.5,0.001001,1
1609055700,27649.1,27649.1,27649.1,27649.1,0.0091829,2
1609059900,27540.2,27540.2,27540.2,27540.2,0.00749082,3
1609062000,27595.7,27595.7,27595.7,27595.7,0.00130389,1
1609062300,29572.6,29572.6,27662.1,27662.1,0.00285194,4
1609067100,28179.6,28179.6,28179.6,28179.6,0.04724327,2
1609067400,28271.0,28308.2,28271.0,28276.7,0.01218663,3
1609068900,27917.3,27917.3,27763.6,27763.6,0.00739961,2
1609071000,26860.0,26860.0,26781.6,26781.6,0.00711702,4
1609071900,26992.1,26992.1,26992.1,26992.1,0.005,2
1609072800,27133.9,27133.9,27133.9,27133.9,0.001,2
1609077900,27540.2,27540.2,27540.2,27540.2,0.02344396,2
1609078200,27614.3,27614.3,27614.3,27614.3,0.01041977,1
1609078800,27709.4,27709.4,27685.0,27685.0,0.00227058,2
1609079100,27649.0,27649.0,27649.0,27649.0,0.001,1
1609079400,27629.8,27629.8,27629.8,27629.8,0.00375852,1
1609080000,27554.3,27589.0,27554.3,27589.0,0.00686223,2
1609080300,27385.2,27385.2,27385.2,27385.2,0.00257104,1
1609081500,27420.0,27420.0,27420.0,27420.0,0.00125885,1
1609082400,27170.2,27170.2,27170.2,27170.2,0.05693201,3
1609082700,27145.9,27145.9,27145.9,27145.9,0.02849012,1
1609084500,27335.3,27335.3,27335.3,27335.3,0.09990059,1
1609085400,27128.1,27128.1,27128.1,27128.1,0.00167425,1
1609086600,26949.9,26949.9,26949.9,26949.9,0.00135201,1
1609088700,26890.0,26890.0,26890.0,26890.0,0.0903053,2
1609089900,26890.0,26890.0,26890.0,26890.0,0.02696828,1
1609090200,26890.0,26890.0,26890.0,26890.0,0.00545316,1
1609094100,26857.1,26857.1,26857.1,26857.1,0.001,1
1609095600,27026.8,27026.8,27026.8,27026.8,0.002,2
1609098000,27137.0,27137.0,27137.0,27137.0,0.00401,3
1609098600,27131.8,27131.8,27131.8,27131.8,0.02519981,1
1609101900,26354.0,26354.0,26354.0,26354.0,0.02549551,2
1609102800,26256.0,26256.0,26256.0,26256.0,0.00265929,1
1609110000,26481.6,26497.9,26481.6,26484.1,2.18760023,19
1609110300,26484.1,26484.1,26484.1,26484.1,0.00348909,1
1609114800,29996.9,29996.9,29996.9,29996.9,0.001,1
1609120500,26980.3,26980.3,26980.3,26980.3,0.001,2
1609120800,27146.8,27146.8,27146.8,27146.8,0.001,1
1609123800,27034.9,27055.5,27034.9,27055.5,0.002,4
1609132800,27081.4,27081.4,27081.4,27081.4,0.00128294,2
1609133100,27137.9,27137.9,27137.9,27137.9,0.001,1
1609137000,26913.9,26913.9,26913.9,26913.9,0.1669351,3
1609137600,26945.5,26945.5,26945.5,26945.5,0.08013183,1
1609153200,26701.2,26701.2,26701.2,26701.2,0.00301261,3
1609153800,26776.1,26776.1,26776.1,26776.1,0.12133862,1
1609155300,26670.9,26670.9,26644.2,26644.2,0.03111941,2
1609160700,27178.0,27178.0,27178.0,27178.0,0.02709145,2
1609165800,27227.1,27227.1,27227.1,27227.1,0.00910136,3
1609173000,26969.2,26969.2,26969.2,26969.2,0.14478924,5
1609173300,27049.9,27049.9,27049.9,27049.9,0.02171488,4
1609178700,27180.4,27180.4,27179.6,27179.6,0.15343302,6
1609179300,27097.3,27097.3,27097.3,27097.3,0.10859369,1
1609192800,26686.9,26686.9,26686.9,26686.9,0.015813,1
1609194000,26661.6,26661.6,26661.6,26661.6,0.12133862,3
1609202100,26836.0,26836.0,26836.0,26836.0,0.00512279,1
1609202400,26742.9,26742.9,26742.9,26742.9,0.00101288,1
1609203900,26731.2,26731.2,26731.2,26731.2,0.00250276,1
1609204200,26766.8,26766.8,26766.8,26766.8,0.00997606,1
1609214700,26336.6,26336.6,26279.9,26279.9,0.01111134,5
1609230900,26501.9,26501.9,26501.9,26501.9,0.02211091,1
1609232400,26576.6,26576.6,26576.6,26576.6,0.00618121,1
1609242900,26654.4,26654.4,26654.4,26654.4,0.00285442,1
1609255500,26469.1,26469.1,26469.1,26469.1,0.00200501,2
1609260600,26250.8,26250.8,26250.8,26250.8,0.002,3
1609275300,26983.5,26983.5,26983.5,26983.5,0.04019838,5
1609287300,27661.8,27661.8,27661.8,27661.8,0.005,1
1609309500,28190.9,28190.9,28190.9,28190.9,0.00997606,1
1609316700,27870.3,27870.3,27870.3,27870.3,0.00300553,3
1609318800,27485.7,27485.7,27485.7,27485.7,0.004008,4
1609325700,27798.8,27798.8,27798.8,27798.8,0.00144028,1
1609365300,29998.7,29998.7,29998.7,29998.7,0.0053051,1
1609372800,27905.3,27905.3,27905.3,27905.3,0.004,3
1609382700,28752.1,28752.1,28752.1,28752.1,0.02030836,1
1609401900,29076.4,29076.4,29076.4,29076.4,0.0012037,1
1609416900,28882.2,28882.2,28882.2,28882.2,0.0051624,2
1609421100,28386.5,28386.5,28386.5,28386.5,0.01171137,1
1609421700,28424.6,28424.6,28424.6,28424.6,0.07730146,1
1609422300,28575.9,28575.9,28535.4,28555.9,0.15460292,6
1609422600,28549.0,28549.0,28549.0,28549.0,0.07730146,1
1609423500,28401.5,28423.2,28394.7,28394.7,0.13772212,7
1609424100,28389.9,28389.9,28389.9,28389.9,0.09090515,2
1609424400,28387.0,28387.0,28387.0,28387.0,0.09090515,2
1609425300,28211.1,28211.1,28211.1,28211.1,0.01951941,1
1609425900,28409.5,28409.5,28409.5,28409.5,0.01178108,1
1609427100,28548.2,28548.2,28548.2,28548.2,0.00454855,2
1609427400,28649.4,28649.4,28649.4,28649.4,0.00227846,1
1609429800,28777.8,28777.8,28777.8,28777.8,0.005,3
1609431000,28730.7,28730.7,28730.7,28730.7,0.00725554,1
